image,angle_0_joint0_to_1,angle_1_joint1_to_2,angle_2_joint2_to_3,angle_3_joint0_to_4,angle_4_joint4_to_5,angle_5_joint5_to_6,angle_6_joint0_to_7,angle_7_joint7_to_8,angle_8_joint8_to_9,angle_9_joint0_to_10,angle_10_joint10_to_11,angle_11_joint11_to_12,angle_12_joint0_to_13,angle_13_joint13_to_14,angle_14_joint14_to_15
test1,89.29601944908765,77.27338074023932,82.30446077832282,74.90618089525366,77.2787198749487,94.20114096534917,50.95817105620743,90.97736326536887,125.17275770690432,60.74848172577908,90.7827219762173,111.49984861037571,117.1969257635009,111.59378303757741,84.83699578031526
test2,75.61966801572486,95.09706354179681,124.44944410482027,69.56219842836336,113.01079273915575,159.35331437742747,69.1784125350912,107.98533969195368,169.30031026968317,66.579496580161,110.19414157281678,166.65010638167533,107.45683414309137,94.72986383770281,93.57645890806359
test3,62.51004727363331,71.13155850124633,86.57821460512882,66.90544301069359,129.35137187436706,127.05852198274356,85.89370843950495,119.92335191097781,106.649564019429,75.3212388880671,119.90215693725224,116.73777690570635,86.48304483759195,86.07383477923848,104.34324004502592
test4,84.38825785671564,68.59983723040472,76.9738682749186,69.67866755415655,67.45846243737067,84.49544510837238,46.45381713893948,70.18643624058024,90.8570701728879,55.88818129176873,75.17118403438856,91.57542828324277,115.40879618732126,112.29959230877228,82.22557749122936
